USE course_management;

INSERT INTO user (full_name, date_of_birth, gender, address, phone, email, citizen_id)
VALUES
('Trần Nhật An', '2005-10-01', 'M', 'Xã Vĩnh Phương, Thành phố Nha Trang, Khánh Hòa', '0349396524', 'trannhatan@gmail.com', '056205001946'),
('Lê Thanh Bình', '2005-11-24', 'M', 'Xã Hòa Trị, Huyện Phú Hoà, Phú Yên', '0937108560', 'lethanhbinh@gmail.com', '056205001607'),
('Châu Quốc Cường', '2005-04-30', 'M', 'Xã Ninh Trung, Thị xã Ninh Hòa, Khánh Hòa', '0815022262', 'chauquoccuong@gmail.com', '056205007053'),
('Văn Thành Danh', '2005-03-21', 'M', 'Phường Vĩnh Hòa, Thành phố Nha Trang, Khánh Hòa', '0793827914', 'vanthanhdanh@gmail.com', '225970470'),
('Nguyễn Thành Duy', '2005-08-08', 'M', 'Xã Xuân Thọ 1, Thị xã Sông Cầu, Phú Yên', '0898384107', 'nguyenthanhduy@gmail.com', '056205007379'),
('Nguyễn Thành Dương', '2005-11-07', 'M', 'Xã Vĩnh Ngọc, Thành phố Nha Trang, Khánh Hòa', '0376391739', 'nguyenthanhduong@gmail.com', '056205009281'),
('Nguyễn Thành Mạnh', '2005-03-02', 'M', 'Xã Cát Minh, Huyện Phù Cát, Bình Định', '0792290879', 'nguyenthanhmanh@gmail.com', '056205005229'),
('Lâm Thành Đạt', '2005-06-17', 'M', 'Xã Đức Lân, Huyện Mộ Đức, Quảng Ngãi', '0974238774', 'lamthanhdat@gmail.com', '051205001534'),
('Phạm Thành Đạt', '2005-03-07', 'M', 'Xã Hòa Trị, Huyện Phú Hoà, Phú Yên', '0337174951', 'phamthanhdat@gmail.com', '054205010553'),
('Nguyễn Thành Đạt', '2005-09-08', 'M', 'Xã Diên An, Huyện Diên Khánh, Khánh Hòa', '0796774769', 'nguyenthanhdat@gmail.com', '056205004976'),
('Nguyễn Hữu Đức', '2005-03-07', 'M', 'Xã Xuân Thọ 2, Thị xã Sông Cầu, Phú Yên', '0763584019', 'nguyenhuuduc@gmail.com', '056205007938'),
('Trần Thành Bảo', '2005-10-07', 'M', 'Xã Phước Đồng, Thành phố Nha Trang, Khánh Hòa', '0792800370', 'tranthanhbao@gmail.com', '056205004277'),
('Nguyễn Thành Bảo', '2005-07-29', 'M', 'Xã Cam Hòa, Huyện Cam Lâm, Khánh Hòa', '0367642150', 'nguyenthanhbao@gmail.com', '056205012955'),
('Ngô Gia Hồi', '2005-03-31', 'M', 'Xã An Phú, Thành phố Tuy Hoà, Phú Yên', '0367346675', 'ngogiahoi@gmail.com', '054205009735'),
('Võ Thành Giang', '2005-01-03', 'M', 'Xã Ninh Bình, Thị xã Ninh Hòa, Khánh Hòa', '0378203430', 'vothanhgiang@gmail.com', '056205010216'),
('Huỳnh Quang Hiếu', '2005-06-10', 'M', 'Xã Ninh Hưng, Thị xã Ninh Hòa, Khánh Hòa', '0782678585', 'huynhquanghieu@gmail.com', '056205003954'),
('Lê Thành Hòa', '2005-11-01', 'M', 'Phường Bình Định, Thị xã An Nhơn, Bình Định', '0901956704', 'lethanhhoa@gmail.com', '052205011098'),
('Trần Thành Hoàng', '2005-02-10', 'M', 'Xã Tam Xuân I, Huyện Núi Thành, Quảng Nam', '0862071723', 'tranthanhhoang@gmail.com', '056205013097'),
('Lê Hoàng Hải', '2005-11-16', 'M', 'Phường 6, Thành phố Tuy Hoà, Phú Yên', '0362142578', 'lehoanghai@gmail.com', '054205001416'),
('Nguyễn Thành Huy', '2005-08-05', 'M', 'Xã Vĩnh Phương, Thành phố Nha Trang, Khánh Hòa', '0345641560', 'nguyenthanhhuy@gmail.com', '056205004170'),
('Mai Thanh Huy', '2005-07-03', 'M', 'Phường Nhơn Phú, Thành phố Quy Nhơn, Bình Định', '0706222893', 'maithanhhuy@gmail.com', '056205007200'),
('Trần Quang Hưng', '2005-03-21', 'M', 'Phường Phước Tiến, Thành phố Nha Trang, Khánh Hòa', '0868035223', 'tranquanghung@gmail.com', '056205013193'),
('Nguyễn Thành Hương', '2005-10-10', 'F', 'Xã Ninh Trung, Thị xã Ninh Hòa, Khánh Hòa', '0935724503', 'nguyenthanhhuong@gmail.com', '056305011056'),
('Bùi Thành Kha', '2005-04-22', 'M', 'Xã Xuân Lâm, Thị xã Sông Cầu, Phú Yên', '0343516339', 'buithanhkha@gmail.com', '056205006977'),
('Trần Chí Khang', '2005-05-15', 'M', 'Phường Vĩnh Hải, Thành phố Nha Trang, Khánh Hòa', '0349089649', 'tranchikhang@gmail.com', '056205008261'),
('Nguyễn Thành Khánh', '2005-10-04', 'M', 'Xã Cam Hòa, Huyện Cam Lâm, Khánh Hòa', '0522787616', 'nguyenthanhkhanh@gmail.com', '056205011928'),
('Nguyễn Thành Khiêm', '2005-01-04', 'M', 'Xã Diên Hòa, Huyện Diên Khánh, Khánh Hòa', '0869139415', 'nguyenthanhkhiem@gmail.com', '056205004627'),
('Đỗ Thành Khôi', '2005-02-28', 'M', 'Xã Xuân Thọ 1, Thị xã Sông Cầu, Phú Yên', '0796515238', 'dothanhkhoi@gmail.com', '054205007367'),
('Huỳnh Thành Kiệt', '2005-09-24', 'M', 'Xã Mỹ Lợi, Huyện Phù Mỹ, Bình Định', '0354300161', 'huynhthanhkiet@gmail.com', '056205000878'),
('Lê Thành Linh', '2005-04-28', 'F', 'Xã Ninh Thân, Thị xã Ninh Hòa, Khánh Hòa', '0395793022', 'lethanhlinh@gmail.com', '056305009098'),
('Nguyễn Thành Luân', '2005-01-01', 'M', 'Xã Vạn Thắng, Huyện Vạn Ninh, Khánh Hòa', '0372911745', 'nguyenthanhluan@gmail.com', '056205010575'),
('Nguyễn Thành Ly', '2005-01-03', 'F', 'Xã Tân Trường, Huyện Cẩm Giàng, Hải Dương', '0397016120', 'nguyenthanhly@gmail.com', '030305011497'),
('Bùi Minh Hải', '2005-02-13', 'M', 'Xã Tiên Hải, Thành phố Phủ Lý, Hà Nam', '0797714133', 'buiminhhai@gmail.com', '056205005082'),
('Thái Thành Nam', '2005-10-03', 'M', 'Xã Ninh Đông, Thị xã Ninh Hòa, Khánh Hòa', '0386642176', 'thaithanhnam@gmail.com', '056205010646'),
('Lê Thành Ngọc', '2005-02-10', 'F', 'Xã Vạn Lương, Huyện Vạn Ninh, Khánh Hòa', '0842785503', 'lethanhngoc@gmail.com', '056305009398'),
('Nguyễn Thành Đăng', '2005-06-09', 'M', 'Xã Phú Gia, Huyện Phú Vang, Thừa Thiên Huế', '0989532281', 'nguyenthanhdang@gmail.com', '064205018137'),
('Huỳnh Thành Nhân', '2005-01-15', 'M', 'Thị trấn Mỏ Cày, Huyện Mỏ Cày Nam, Bến Tre', '0898698235', 'huynhthanhnhan@gmail.com', '056205008689'),
('Lê Thành Nhung', '2004-10-23', 'F', 'Phường Cam Thuận, Thành phố Cam Ranh, Khánh Hòa', '0374197754', 'lethanhnhung@gmail.com', '056304004849'),
('Trần Ngọc Phát', '2005-11-09', 'M', 'Xã Ninh Ích, Thị xã Ninh Hòa, Khánh Hòa', '0931185796', 'tranngocphat@gmail.com', '056205006090'),
('Dương Công Phong', '2005-03-19', 'M', 'Xã Cẩm Lý, Huyện Lục Nam, Bắc Giang', '0389574897', 'duongcongphong@gmail.com', '056205001535'),
('Hồ Xuân Phúc', '2005-03-23', 'M', 'Phường Phương Sơn, Thành phố Nha Trang, Khánh Hòa', '0767381850', 'hoxuanphuc@gmail.com', '056205009879'),
('Đào Thành Phước', '2005-12-21', 'M', 'Xã Mỹ Thành, Huyện Phù Mỹ, Bình Định', '0704988527', 'daothanhphuoc@gmail.com', '056205009431'),
('Lê Hoàng Quân', '2005-04-26', 'M', 'Phường Bình Hòa, Thành phố Thuận An, Bình Dương', '0915845761', 'lehoangquan@gmail.com', '056205011849'),
('Nguyễn Tấn Quỳnh', '2005-02-27', 'M', 'Xã Diên Sơn, Huyện Diên Khánh, Khánh Hòa', '0705931449', 'nguyentanquynh@gmail.com', '056205000386'),
('Nguyễn Thành Sơn', '2005-06-29', 'M', 'Phường Vĩnh Nguyên, Thành phố Nha Trang, Khánh Hòa', '0389078582', 'nguyenthanhson@gmail.com', '056205000857'),
('Nguyễn Thành Tân', '2005-09-17', 'M', 'Phường Phước Hòa, Thành phố Nha Trang, Khánh Hòa', '0815322848', 'nguyenthanhtan@gmail.com', '056205006074'),
('Đoàn Thành Thái', '2005-11-08', 'M', 'Xã Hòa Bình 1, Huyện Tây Hoà, Phú Yên', '0336038604', 'doanthanhthai@gmail.com', '054205004551'),
('Lê Thành Lộc', '2005-07-07', 'M', 'Thị trấn La Hai, Huyện Đồng Xuân, Phú Yên', '0834814546', 'lethanhloc@gmail.com', '054205005566'),
('Nguyễn Thành Thảo', '2005-12-16', 'F', 'Xã Hoài Mỹ, Thị xã Hoài Nhơn, Bình Định', '0904373811', 'nguyenthanhthao@gmail.com', '056305009792'),
('Trần Thành Thiên', '2005-12-21', 'M', 'Xã Hòa Quang Bắc, Huyện Phú Hoà, Phú Yên', '0335234409', 'tranthanhthien@gmail.com', '054205000885'),
('Trần Thiện Tứ', '2005-12-29', 'M', 'Xã Vạn Phước, Huyện Vạn Ninh, Khánh Hòa', '0369107646', 'tranthientu@gmail.com', '056205004501'),
('Vi Thành Thịnh', '2005-09-01', 'M', 'Thị trấn Phú Phong, Huyện Tây Sơn, Bình Định', '0979220117', 'vithanhthinh@gmail.com', '056205000406'),
('Nguyễn Thành Thư', '2005-09-29', 'F', 'Xã Vĩnh Trung, Thành phố Nha Trang, Khánh Hòa', '0706092296', 'nguyenthanhthu@gmail.com', '056305011587'),
('Bùi Thành Tiến', '2005-04-27', 'M', 'Xã Ninh An, Thị xã Ninh Hòa, Khánh Hòa', '0336700796', 'buithanhtien@gmail.com', '056205011330'),
('Thái Công Toại', '2005-12-17', 'M', 'Xã Vạn Phước, Huyện Vạn Ninh, Khánh Hòa', '0365766031', 'thaicongtoai@gmail.com', '056205001907'),
('Võ Thành Toàn', '2005-10-16', 'M', 'Thị trấn Phú Phong, Huyện Tây Sơn, Bình Định', '0793651650', 'vothanhtoan@gmail.com', '056205011550'),
('Nguyễn Thành Trân', '2005-03-21', 'F', 'Xã Vĩnh Trung, Thành phố Nha Trang, Khánh Hòa', '0902405243', 'nguyenthanhtran@gmail.com', '225976050'),
('Ngô Thành Hậu', '2005-05-10', 'M', 'Xã Xuân Lộc, Huyện Phú Lộc, Thừa Thiên Huế', '0782722156', 'ngothanhhau@gmail.com', '056205005163'),
('Nguyễn Thành Triển', '2005-08-24', 'M', 'Phường Hòa Hiệp Bắc, Thị xã Đông Hòa, Phú Yên', '0325678878', 'nguyenthanhtrien@gmail.com', '054205006498'),
('Nguyễn Thành Bửu', '2005-01-23', 'M', 'Xã Diên An, Huyện Diên Khánh, Khánh Hòa', '0389419475', 'nguyenthanhbuu@gmail.com', '056205004603'),
('Phan Tấn Trực', '2005-11-10', 'M', 'Xã Hòa Định Tây, Huyện Phú Hoà, Phú Yên', '0869492575', 'phantantruc@gmail.com', '054205001807'),
('Hà Văn Tuấn', '2005-12-19', 'M', 'Xã Yên Tân, Huyện Ý Yên, Nam Định', '0965837308', 'havantuan@gmail.com', '056205012021'),
('Vũ Thành Tuyền', '2005-12-15', 'F', 'Xã Giai Phạm, Huyện Yên Mỹ, Hưng Yên', '0838689622', 'vuthanhtuyen@gmail.com', '058305002479'),
('Trần Thành Việt', '2005-09-02', 'M', 'Xã Mỹ Thành, Huyện Phù Mỹ, Bình Định', '0393720644', 'tranthanhviet@gmail.com', '056205000224'),
('Lê Thành Việt', '2005-02-23', 'M', 'Xã Cam Hải Đông, Huyện Cam Lâm, Khánh Hòa', '0372424264', 'lethanhviet@gmail.com', '056205000218'),
('Võ Thành Việt', '2005-07-26', 'M', 'Xã Ninh Hưng, Thị xã Ninh Hòa, Khánh Hòa', '0846103268', 'vothanhviet@gmail.com', '056205008704'),
('Nguyễn Thành Vũ', '2005-09-08', 'M', 'Phường Xuân Đài, Thị xã Sông Cầu, Phú Yên', '0385928684', 'nguyenthanhvu@gmail.com', '054205006704'),
('Nguyễn Quang Vinh', '2000-01-20', 'M', 'Xã Phước Đồng, Thành phố Nha Trang, Khánh Hòa', '0838689622', 'nguyenquangvinh@gmail.com', '058305002479'),
('Trần Thanh Trí', '2000-01-20', 'M', 'Xã Ninh Quang, Thị xã Ninh Hòa, Khánh Hòa', '0393720644', 'tranthanhtri@gmail.com', '056205000224'),
('Nguyễn Minh Tài', '2000-01-20', 'M', 'Xã Đại Lãnh, Huyện Vạn Ninh, Khánh Hòa', '0372424264', 'nguyenminhtai@gmail.com', '056205000218');

INSERT INTO role (role_name)
VALUES
('student'),
('teacher'),
('admin');

INSERT INTO user_role (user_id, role_id)
VALUES
('1', '1'),
('2', '1'),
('3', '1'),
('4', '1'),
('5', '1'),
('6', '1'),
('7', '1'),
('8', '1'),
('9', '1'),
('10', '1'),
('11', '1'),
('12', '1'),
('13', '1'),
('14', '1'),
('15', '1'),
('16', '1'),
('17', '1'),
('18', '1'),
('19', '1'),
('20', '1'),
('21', '1'),
('22', '1'),
('23', '1'),
('24', '1'),
('25', '1'),
('26', '1'),
('27', '1'),
('28', '1'),
('29', '1'),
('30', '1'),
('31', '1'),
('32', '1'),
('33', '1'),
('34', '1'),
('35', '1'),
('36', '1'),
('37', '1'),
('38', '1'),
('39', '1'),
('40', '1'),
('41', '1'),
('42', '1'),
('43', '1'),
('44', '1'),
('45', '1'),
('46', '1'),
('47', '1'),
('48', '1'),
('49', '1'),
('50', '1'),
('51', '1'),
('52', '1'),
('53', '1'),
('54', '1'),
('55', '1'),
('56', '1'),
('57', '1'),
('58', '1'),
('59', '1'),
('60', '1'),
('61', '1'),
('62', '1'),
('63', '1'),
('64', '1'),
('65', '1'),
('66', '1'),
('67', '1'),
('68', '2'),
('69', '2'),
('70', '3');

INSERT INTO user_account (username, password, user_id)
VALUES
('trannhatan', 'dododododo', '1'),
('lethanhbinh', 'dododododo', '2'),
('chauquoccuong', 'dododododo', '3'),
('vanthanhdanh', 'dododododo', '4'),
('nguyenthanhduy', 'dododododo', '5'),
('nguyenthanhduong', 'dododododo', '6'),
('nguyenthanhmanh', 'dododododo', '7'),
('lamthanhdat', 'dododododo', '8'),
('phamthanhdat', 'dododododo', '9'),
('nguyenthanhdat', 'dododododo', '10'),
('nguyenhuuduc', 'dododododo', '11'),
('tranthanhbao', 'dododododo', '12'),
('nguyenthanhbao', 'dododododo', '13'),
('ngogiahoi', 'dododododo', '14'),
('vothanhgiang', 'dododododo', '15'),
('huynhquanghieu', 'dododododo', '16'),
('lethanhhoa', 'dododododo', '17'),
('tranthanhhoang', 'dododododo', '18'),
('lehoanghai', 'dododododo', '19'),
('nguyenthanhhuy', 'dododododo', '20'),
('maithanhhuy', 'dododododo', '21'),
('tranquanghung', 'dododododo', '22'),
('nguyenthanhhuong', 'dododododo', '23'),
('buithanhkha', 'dododododo', '24'),
('tranchikhang', 'dododododo', '25'),
('nguyenthanhkhanh', 'dododododo', '26'),
('nguyenthanhkhiem', 'dododododo', '27'),
('dothanhkhoi', 'dododododo', '28'),
('huynhthanhkiet', 'dododododo', '29'),
('lethanhlinh', 'dododododo', '30'),
('nguyenthanhluan', 'dododododo', '31'),
('nguyenthanhly', 'dododododo', '32'),
('buiminhhai', 'dododododo', '33'),
('thaithanhnam', 'dododododo', '34'),
('lethanhngoc', 'dododododo', '35'),
('nguyenthanhdang', 'dododododo', '36'),
('huynhthanhnhan', 'dododododo', '37'),
('lethanhnhung', 'dododododo', '38'),
('tranngocphat', 'dododododo', '39'),
('duongcongphong', 'dododododo', '40'),
('hoxuanphuc', 'dododododo', '41'),
('daothanhphuoc', 'dododododo', '42'),
('lehoangquan', 'dododododo', '43'),
('nguyentanquynh', 'dododododo', '44'),
('nguyenthanhson', 'dododododo', '45'),
('nguyenthanhtan', 'dododododo', '46'),
('doanthanhthai', 'dododododo', '47'),
('lethanhloc', 'dododododo', '48'),
('nguyenthanhthao', 'dododododo', '49'),
('tranthanhthien', 'dododododo', '50'),
('tranthientu', 'dododododo', '51'),
('vithanhthinh', 'dododododo', '52'),
('nguyenthanhthu', 'dododododo', '53'),
('buithanhtien', 'dododododo', '54'),
('thaicongtoai', 'dododododo', '55'),
('vothanhtoan', 'dododododo', '56'),
('nguyenthanhtran', 'dododododo', '57'),
('ngothanhhau', 'dododododo', '58'),
('nguyenthanhtrien', 'dododododo', '59'),
('nguyenthanhbuu', 'dododododo', '60'),
('phantantruc', 'dododododo', '61'),
('havantuan', 'dododododo', '62'),
('vuthanhtuyen', 'dododododo', '63'),
('tranthanhviet', 'dododododo', '64'),
('lethanhviet', 'dododododo', '65'),
('vothanhviet', 'dododododo', '66'),
('nguyenthanhvu', 'dododododo', '67'),
('nguyenquangvinh', 'dododododo', '68'),
('tranthanhtri', 'dododododo', '69'),
('nguyenminhtai', 'dododododo', '70');

insert into course (course_id, course_code, course_name, course_description, teacher_id, start_date, end_date, status, course_background)
values  (1, 'INS325', 'Hệ điều hành', 'No description', 68, '2024-01-01', '2024-12-12', 'A', '1.jpg'),
        (2, 'MAT328', 'Toán 2', 'No description', 69, '2024-01-01', '2024-12-12', 'A', '2.jpg'),
        (3, 'NEC321', 'Kiến trúc máy tính', 'No description', 69, '2024-01-01', '2024-12-12', 'A', '3.jpg'),
        (4, 'POL309', 'Kinh tế chính trị Mác - Lênin', 'No description', 68, '2024-01-01', '2024-12-12', 'A', '4.jpg'),
        (5, 'SOT315', 'Nhập môn lập trình', 'No description', 68, '2024-01-01', '2024-12-12', 'A', '5.jpg'),
        (6, 'SSH378', 'Tư duy phản biện', 'No description', 69, '2024-01-01', '2024-12-12', 'A', '6.jpg'),
        (7, 'SOT320', 'Kỹ thuật lập trình', 'Không có chi tiết', 69, '2024-01-01', '2024-12-12', 'A', '7.jpg'),
        (8, 'SOT211', 'Tin học đại cương', 'Không có mô tả', 69, '2024-01-01', '2024-12-31', 'A', 'SOT211_pexels-beata-kamińska-868514.jpg');

INSERT INTO course_schedule (course_id, day_of_week, start_time, end_time)
VALUES
(1, '2', '7:00:00', '8:30:00'),
(2, '2', '9:30:00', '10:20:00'),
(3, '3', '7:00:00', '8:30:00'),
(4, '5', '7:00:00', '8:30:00'),
(5, '6', '9:30:00', '10:20:00'),
(6, '7', '9:30:00', '10:20:00');

INSERT INTO course_member (course_id, student_id)
VALUES
(1, 1),
(2, 1),
(3, 1),
(4, 1),
(5, 1),
(6, 1),
(1, 2),
(2, 2),
(3, 2),
(4, 2),
(5, 2),
(6, 2),
(1, 3),
(2, 3),
(3, 3),
(4, 3),
(5, 3),
(6, 3),
(1, 4),
(2, 4),
(3, 4),
(4, 4),
(5, 4),
(6, 4),
(1, 5),
(2, 5),
(3, 5),
(4, 5),
(5, 5),
(6, 5),
(1, 6),
(2, 6),
(3, 6),
(4, 6),
(5, 6),
(6, 6),
(1, 7),
(2, 7),
(3, 7),
(4, 7),
(5, 7),
(6, 7),
(1, 8),
(2, 8),
(3, 8),
(4, 8),
(5, 8),
(6, 8),
(1, 9),
(2, 9),
(3, 9),
(4, 9),
(5, 9),
(6, 9),
(1, 10),
(2, 10),
(3, 10),
(4, 10),
(5, 10),
(6, 10),
(1, 11),
(2, 11),
(3, 11),
(4, 11),
(5, 11),
(6, 11),
(1, 12),
(2, 12),
(3, 12),
(4, 12),
(5, 12),
(6, 12),
(1, 13),
(2, 13),
(3, 13),
(4, 13),
(5, 13),
(6, 13),
(1, 14),
(2, 14),
(3, 14),
(4, 14),
(5, 14),
(6, 14),
(1, 15),
(2, 15),
(3, 15),
(4, 15),
(5, 15),
(6, 15),
(1, 16),
(2, 16),
(3, 16),
(4, 16),
(5, 16),
(6, 16),
(1, 17),
(2, 17),
(3, 17),
(4, 17),
(5, 17),
(6, 17),
(1, 18),
(2, 18),
(3, 18),
(4, 18),
(5, 18),
(6, 18),
(1, 19),
(2, 19),
(3, 19),
(4, 19),
(5, 19),
(6, 19),
(1, 20),
(2, 20),
(3, 20),
(4, 20),
(5, 20),
(6, 20),
(1, 21),
(2, 21),
(3, 21),
(4, 21),
(5, 21),
(6, 21),
(1, 22),
(2, 22),
(3, 22),
(4, 22),
(5, 22),
(6, 22),
(1, 23),
(2, 23),
(3, 23),
(4, 23),
(5, 23),
(6, 23),
(1, 24),
(2, 24),
(3, 24),
(4, 24),
(5, 24),
(6, 24),
(1, 25),
(2, 25),
(3, 25),
(4, 25),
(5, 25),
(6, 25),
(1, 26),
(2, 26),
(3, 26),
(4, 26),
(5, 26),
(6, 26),
(1, 27),
(2, 27),
(3, 27),
(4, 27),
(5, 27),
(6, 27),
(1, 28),
(2, 28),
(3, 28),
(4, 28),
(5, 28),
(6, 28),
(1, 29),
(2, 29),
(3, 29),
(4, 29),
(5, 29),
(6, 29),
(1, 30),
(2, 30),
(3, 30),
(4, 30),
(5, 30),
(6, 30),
(1, 31),
(2, 31),
(3, 31),
(4, 31),
(5, 31),
(6, 31),
(1, 32),
(2, 32),
(3, 32),
(4, 32),
(5, 32),
(6, 32),
(1, 33),
(2, 33),
(3, 33),
(4, 33),
(5, 33),
(6, 33),
(1, 34),
(2, 34),
(3, 34),
(4, 34),
(5, 34),
(6, 34),
(1, 35),
(2, 35),
(3, 35),
(4, 35),
(5, 35),
(6, 35),
(1, 36),
(2, 36),
(3, 36),
(4, 36),
(5, 36),
(6, 36),
(1, 37),
(2, 37),
(3, 37),
(4, 37),
(5, 37),
(6, 37),
(1, 38),
(2, 38),
(3, 38),
(4, 38),
(5, 38),
(6, 38),
(1, 39),
(2, 39),
(3, 39),
(4, 39),
(5, 39),
(6, 39),
(1, 40),
(2, 40),
(3, 40),
(4, 40),
(5, 40),
(6, 40),
(1, 41),
(2, 41),
(3, 41),
(4, 41),
(5, 41),
(6, 41),
(1, 42),
(2, 42),
(3, 42),
(4, 42),
(5, 42),
(6, 42),
(1, 43),
(2, 43),
(3, 43),
(4, 43),
(5, 43),
(6, 43),
(1, 44),
(2, 44),
(3, 44),
(4, 44),
(5, 44),
(6, 44),
(1, 45),
(2, 45),
(3, 45),
(4, 45),
(5, 45),
(6, 45),
(1, 46),
(2, 46),
(3, 46),
(4, 46),
(5, 46),
(6, 46),
(1, 47),
(2, 47),
(3, 47),
(4, 47),
(5, 47),
(6, 47),
(1, 48),
(2, 48),
(3, 48),
(4, 48),
(5, 48),
(6, 48),
(1, 49),
(2, 49),
(3, 49),
(4, 49),
(5, 49),
(6, 49),
(1, 50),
(2, 50),
(3, 50),
(4, 50),
(5, 50),
(6, 50),
(1, 51),
(2, 51),
(3, 51),
(4, 51),
(5, 51),
(6, 51),
(1, 52),
(2, 52),
(3, 52),
(4, 52),
(5, 52),
(6, 52),
(1, 53),
(2, 53),
(3, 53),
(4, 53),
(5, 53),
(6, 53),
(1, 54),
(2, 54),
(3, 54),
(4, 54),
(5, 54),
(6, 54),
(1, 55),
(2, 55),
(3, 55),
(4, 55),
(5, 55),
(6, 55),
(1, 56),
(2, 56),
(3, 56),
(4, 56),
(5, 56),
(6, 56),
(1, 57),
(2, 57),
(3, 57),
(4, 57),
(5, 57),
(6, 57),
(1, 58),
(2, 58),
(3, 58),
(4, 58),
(5, 58),
(6, 58),
(1, 59),
(2, 59),
(3, 59),
(4, 59),
(5, 59),
(6, 59),
(1, 60),
(2, 60),
(3, 60),
(4, 60),
(5, 60),
(6, 60),
(1, 61),
(2, 61),
(3, 61),
(4, 61),
(5, 61),
(6, 61),
(1, 62),
(2, 62),
(3, 62),
(4, 62),
(5, 62),
(6, 62),
(1, 63),
(2, 63),
(3, 63),
(4, 63),
(5, 63),
(6, 63),
(1, 64),
(2, 64),
(3, 64),
(4, 64),
(5, 64),
(6, 64),
(1, 65),
(2, 65),
(3, 65),
(4, 65),
(5, 65),
(6, 65),
(1, 66),
(2, 66),
(3, 66),
(4, 66),
(5, 66),
(6, 66),
(1, 67),
(2, 67),
(3, 67),
(4, 67),
(5, 67),
(6, 67);

INSERT INTO grade_column (grade_column_name, proportion, course_id)
VALUES
('Quá trình', 20, 1),
('Giữa kỳ', 30, 1),
('Cuối kỳ', 50, 1),
('Quá trình', 40, 2),
('Giữa kỳ', 10, 2),
('Cuối kỳ', 50, 2),
('Quá trình', 30, 3),
('Giữa kỳ', 30, 3),
('Cuối kỳ', 30, 3),
('Thuyết trình', 10, 3),
('Quá trình', 20, 4),
('Giữa kỳ', 30, 4),
('Cuối kỳ', 50, 4),
('Quá trình', 40, 5),
('Giữa kỳ', 10, 5),
('Cuối kỳ', 50, 5),
('Quá trình', 30, 6),
('Giữa kỳ', 30, 6),
('Cuối kỳ', 30, 6),
('Thuyết trình', 10, 6);

INSERT INTO grade (column_id, member_id, score)
VALUES
(1, 1, 6),
(1, 7, 1),
(1, 13, 4),
(1, 19, 9),
(1, 25, 8),
(1, 31, 3),
(1, 37, 8),
(1, 43, 1),
(1, 49, 7),
(1, 55, 3),
(1, 61, 9),
(1, 67, 7),
(1, 73, 4),
(1, 79, 7),
(1, 85, 4),
(1, 91, 9),
(1, 97, 3),
(1, 103, 1),
(1, 109, 4),
(1, 115, 5),
(1, 121, 8),
(1, 127, 5),
(1, 133, 3),
(1, 139, 6),
(1, 145, 10),
(1, 151, 0),
(1, 157, 7),
(1, 163, 3),
(1, 169, 5),
(1, 175, 0),
(1, 181, 5),
(1, 187, 3),
(1, 193, 0),
(1, 199, 4),
(1, 205, 7),
(1, 211, 10),
(1, 217, 0),
(1, 223, 9),
(1, 229, 1),
(1, 235, 3),
(1, 241, 2),
(1, 247, 0),
(1, 253, 7),
(1, 259, 0),
(1, 265, 10),
(1, 271, 8),
(1, 277, 1),
(1, 283, 9),
(1, 289, 8),
(1, 295, 7),
(1, 301, 4),
(1, 307, 8),
(1, 313, 0),
(1, 319, 7),
(1, 325, 3),
(1, 331, 6),
(1, 337, 3),
(1, 343, 6),
(1, 349, 9),
(1, 355, 5),
(1, 361, 3),
(1, 367, 4),
(1, 373, 3),
(1, 379, 2),
(1, 385, 8),
(1, 391, 9),
(1, 397, 2),
(2, 1, 9),
(2, 7, 3),
(2, 13, 0),
(2, 19, 0),
(2, 25, 2),
(2, 31, 8),
(2, 37, 8),
(2, 43, 10),
(2, 49, 3),
(2, 55, 8),
(2, 61, 8),
(2, 67, 5),
(2, 73, 10),
(2, 79, 7),
(2, 85, 0),
(2, 91, 4),
(2, 97, 6),
(2, 103, 4),
(2, 109, 10),
(2, 115, 7),
(2, 121, 4),
(2, 127, 2),
(2, 133, 1),
(2, 139, 6),
(2, 145, 4),
(2, 151, 8),
(2, 157, 4),
(2, 163, 2),
(2, 169, 6),
(2, 175, 6),
(2, 181, 6),
(2, 187, 1),
(2, 193, 10),
(2, 199, 2),
(2, 205, 9),
(2, 211, 4),
(2, 217, 2),
(2, 223, 7),
(2, 229, 8),
(2, 235, 8),
(2, 241, 2),
(2, 247, 8),
(2, 253, 9),
(2, 259, 7),
(2, 265, 4),
(2, 271, 2),
(2, 277, 0),
(2, 283, 6),
(2, 289, 6),
(2, 295, 10),
(2, 301, 8),
(2, 307, 9),
(2, 313, 7),
(2, 319, 3),
(2, 325, 2),
(2, 331, 6),
(2, 337, 9),
(2, 343, 10),
(2, 349, 9),
(2, 355, 9),
(2, 361, 0),
(2, 367, 3),
(2, 373, 2),
(2, 379, 3),
(2, 385, 6),
(2, 391, 7),
(2, 397, 5),
(3, 1, 2),
(3, 7, 7),
(3, 13, 9),
(3, 19, 0),
(3, 25, 8),
(3, 31, 10),
(3, 37, 3),
(3, 43, 3),
(3, 49, 8),
(3, 55, 7),
(3, 61, 10),
(3, 67, 5),
(3, 73, 6),
(3, 79, 5),
(3, 85, 9),
(3, 91, 3),
(3, 97, 1),
(3, 103, 9),
(3, 109, 7),
(3, 115, 2),
(3, 121, 0),
(3, 127, 2),
(3, 133, 9),
(3, 139, 5),
(3, 145, 9),
(3, 151, 3),
(3, 157, 8),
(3, 163, 10),
(3, 169, 9),
(3, 175, 9),
(3, 181, 4),
(3, 187, 10),
(3, 193, 6),
(3, 199, 5),
(3, 205, 9),
(3, 211, 8),
(3, 217, 7),
(3, 223, 3),
(3, 229, 7),
(3, 235, 10),
(3, 241, 0),
(3, 247, 4),
(3, 253, 3),
(3, 259, 8),
(3, 265, 9),
(3, 271, 3),
(3, 277, 9),
(3, 283, 6),
(3, 289, 4),
(3, 295, 4),
(3, 301, 1),
(3, 307, 10),
(3, 313, 1),
(3, 319, 1),
(3, 325, 1),
(3, 331, 8),
(3, 337, 2),
(3, 343, 6),
(3, 349, 4),
(3, 355, 3),
(3, 361, 1),
(3, 367, 3),
(3, 373, 8),
(3, 379, 3),
(3, 385, 5),
(3, 391, 7),
(3, 397, 4),
(4, 2, 1),
(4, 8, 2),
(4, 14, 7),
(4, 20, 4),
(4, 26, 4),
(4, 32, 8),
(4, 38, 4),
(4, 44, 10),
(4, 50, 4),
(4, 56, 1),
(4, 62, 2),
(4, 68, 6),
(4, 74, 8),
(4, 80, 3),
(4, 86, 1),
(4, 92, 1),
(4, 98, 8),
(4, 104, 10),
(4, 110, 9),
(4, 116, 3),
(4, 122, 9),
(4, 128, 7),
(4, 134, 3),
(4, 140, 7),
(4, 146, 9),
(4, 152, 9),
(4, 158, 2),
(4, 164, 4),
(4, 170, 3),
(4, 176, 1),
(4, 182, 5),
(4, 188, 10),
(4, 194, 6),
(4, 200, 10),
(4, 206, 1),
(4, 212, 2),
(4, 218, 9),
(4, 224, 9),
(4, 230, 10),
(4, 236, 9),
(4, 242, 6),
(4, 248, 6),
(4, 254, 8),
(4, 260, 1),
(4, 266, 5),
(4, 272, 10),
(4, 278, 3),
(4, 284, 9),
(4, 290, 10),
(4, 296, 8),
(4, 302, 2),
(4, 308, 8),
(4, 314, 9),
(4, 320, 2),
(4, 326, 5),
(4, 332, 8),
(4, 338, 10),
(4, 344, 8),
(4, 350, 10),
(4, 356, 3),
(4, 362, 10),
(4, 368, 4),
(4, 374, 6),
(4, 380, 6),
(4, 386, 10),
(4, 392, 3),
(4, 398, 5),
(5, 2, 2),
(5, 8, 10),
(5, 14, 2),
(5, 20, 2),
(5, 26, 8),
(5, 32, 8),
(5, 38, 6),
(5, 44, 10),
(5, 50, 7),
(5, 56, 8),
(5, 62, 1),
(5, 68, 9),
(5, 74, 5),
(5, 80, 1),
(5, 86, 7),
(5, 92, 1),
(5, 98, 9),
(5, 104, 8),
(5, 110, 6),
(5, 116, 2),
(5, 122, 5),
(5, 128, 4),
(5, 134, 9),
(5, 140, 8),
(5, 146, 6),
(5, 152, 9),
(5, 158, 8),
(5, 164, 3),
(5, 170, 4),
(5, 176, 3),
(5, 182, 8),
(5, 188, 2),
(5, 194, 7),
(5, 200, 9),
(5, 206, 2),
(5, 212, 6),
(5, 218, 6),
(5, 224, 2),
(5, 230, 4),
(5, 236, 1),
(5, 242, 8),
(5, 248, 7),
(5, 254, 7),
(5, 260, 4),
(5, 266, 6),
(5, 272, 4),
(5, 278, 1),
(5, 284, 10),
(5, 290, 8),
(5, 296, 10),
(5, 302, 3),
(5, 308, 8),
(5, 314, 7),
(5, 320, 10),
(5, 326, 3),
(5, 332, 4),
(5, 338, 8),
(5, 344, 7),
(5, 350, 5),
(5, 356, 3),
(5, 362, 1),
(5, 368, 9),
(5, 374, 2),
(5, 380, 5),
(5, 386, 2),
(5, 392, 8),
(5, 398, 2),
(6, 2, 2),
(6, 8, 3),
(6, 14, 4),
(6, 20, 5),
(6, 26, 5),
(6, 32, 10),
(6, 38, 3),
(6, 44, 9),
(6, 50, 3),
(6, 56, 5),
(6, 62, 6),
(6, 68, 1),
(6, 74, 1),
(6, 80, 9),
(6, 86, 8),
(6, 92, 4),
(6, 98, 5),
(6, 104, 1),
(6, 110, 9),
(6, 116, 6),
(6, 122, 7),
(6, 128, 4),
(6, 134, 3),
(6, 140, 4),
(6, 146, 6),
(6, 152, 7),
(6, 158, 5),
(6, 164, 9),
(6, 170, 3),
(6, 176, 1),
(6, 182, 3),
(6, 188, 6),
(6, 194, 3),
(6, 200, 7),
(6, 206, 8),
(6, 212, 9),
(6, 218, 9),
(6, 224, 7),
(6, 230, 2),
(6, 236, 3),
(6, 242, 9),
(6, 248, 7),
(6, 254, 4),
(6, 260, 4),
(6, 266, 3),
(6, 272, 7),
(6, 278, 3),
(6, 284, 8),
(6, 290, 8),
(6, 296, 8),
(6, 302, 2),
(6, 308, 3),
(6, 314, 4),
(6, 320, 2),
(6, 326, 7),
(6, 332, 8),
(6, 338, 6),
(6, 344, 6),
(6, 350, 2),
(6, 356, 2),
(6, 362, 9),
(6, 368, 1),
(6, 374, 8),
(6, 380, 7),
(6, 386, 10),
(6, 392, 9),
(6, 398, 3),
(7, 3, 9),
(7, 9, 5),
(7, 15, 3),
(7, 21, 8),
(7, 27, 7),
(7, 33, 4),
(7, 39, 3),
(7, 45, 7),
(7, 51, 2),
(7, 57, 10),
(7, 63, 4),
(7, 69, 1),
(7, 75, 3),
(7, 81, 5),
(7, 87, 3),
(7, 93, 8),
(7, 99, 10),
(7, 105, 8),
(7, 111, 10),
(7, 117, 4),
(7, 123, 7),
(7, 129, 7),
(7, 135, 6),
(7, 141, 8),
(7, 147, 4),
(7, 153, 5),
(7, 159, 7),
(7, 165, 1),
(7, 171, 5),
(7, 177, 7),
(7, 183, 3),
(7, 189, 4),
(7, 195, 5),
(7, 201, 3),
(7, 207, 10),
(7, 213, 1),
(7, 219, 1),
(7, 225, 2),
(7, 231, 9),
(7, 237, 9),
(7, 243, 6),
(7, 249, 6),
(7, 255, 3),
(7, 261, 5),
(7, 267, 1),
(7, 273, 10),
(7, 279, 1),
(7, 285, 2),
(7, 291, 7),
(7, 297, 8),
(7, 303, 1),
(7, 309, 3),
(7, 315, 3),
(7, 321, 6),
(7, 327, 9),
(7, 333, 4),
(7, 339, 3),
(7, 345, 8),
(7, 351, 2),
(7, 357, 4),
(7, 363, 6),
(7, 369, 7),
(7, 375, 8),
(7, 381, 3),
(7, 387, 3),
(7, 393, 7),
(7, 399, 2),
(8, 3, 1),
(8, 9, 10),
(8, 15, 1),
(8, 21, 8),
(8, 27, 6),
(8, 33, 6),
(8, 39, 8),
(8, 45, 3),
(8, 51, 10),
(8, 57, 10),
(8, 63, 10),
(8, 69, 8),
(8, 75, 5),
(8, 81, 10),
(8, 87, 1),
(8, 93, 9),
(8, 99, 8),
(8, 105, 9),
(8, 111, 3),
(8, 117, 10),
(8, 123, 8),
(8, 129, 4),
(8, 135, 7),
(8, 141, 7),
(8, 147, 5),
(8, 153, 1),
(8, 159, 8),
(8, 165, 5),
(8, 171, 9),
(8, 177, 2),
(8, 183, 1),
(8, 189, 9),
(8, 195, 9),
(8, 201, 1),
(8, 207, 3),
(8, 213, 2),
(8, 219, 8),
(8, 225, 6),
(8, 231, 10),
(8, 237, 10),
(8, 243, 6),
(8, 249, 3),
(8, 255, 10),
(8, 261, 5),
(8, 267, 5),
(8, 273, 2),
(8, 279, 2),
(8, 285, 2),
(8, 291, 3),
(8, 297, 6),
(8, 303, 1),
(8, 309, 3),
(8, 315, 4),
(8, 321, 4),
(8, 327, 1),
(8, 333, 3),
(8, 339, 9),
(8, 345, 6),
(8, 351, 3),
(8, 357, 7),
(8, 363, 2),
(8, 369, 5),
(8, 375, 9),
(8, 381, 8),
(8, 387, 8),
(8, 393, 5),
(8, 399, 2),
(9, 3, 3),
(9, 9, 7),
(9, 15, 6),
(9, 21, 5),
(9, 27, 10),
(9, 33, 4),
(9, 39, 6),
(9, 45, 9),
(9, 51, 5),
(9, 57, 4),
(9, 63, 4),
(9, 69, 6),
(9, 75, 4),
(9, 81, 6),
(9, 87, 8),
(9, 93, 9),
(9, 99, 6),
(9, 105, 9),
(9, 111, 10),
(9, 117, 7),
(9, 123, 4),
(9, 129, 9),
(9, 135, 1),
(9, 141, 2),
(9, 147, 3),
(9, 153, 4),
(9, 159, 5),
(9, 165, 7),
(9, 171, 7),
(9, 177, 9),
(9, 183, 5),
(9, 189, 8),
(9, 195, 9),
(9, 201, 9),
(9, 207, 5),
(9, 213, 6),
(9, 219, 2),
(9, 225, 10),
(9, 231, 9),
(9, 237, 10),
(9, 243, 7),
(9, 249, 9),
(9, 255, 8),
(9, 261, 6),
(9, 267, 1),
(9, 273, 4),
(9, 279, 1),
(9, 285, 9),
(9, 291, 7),
(9, 297, 6),
(9, 303, 8),
(9, 309, 7),
(9, 315, 1),
(9, 321, 5),
(9, 327, 5),
(9, 333, 5),
(9, 339, 6),
(9, 345, 2),
(9, 351, 5),
(9, 357, 1),
(9, 363, 4),
(9, 369, 3),
(9, 375, 8),
(9, 381, 5),
(9, 387, 2),
(9, 393, 7),
(9, 399, 8),
(10, 3, 8),
(10, 9, 4),
(10, 15, 6),
(10, 21, 4),
(10, 27, 7),
(10, 33, 1),
(10, 39, 7),
(10, 45, 4),
(10, 51, 9),
(10, 57, 2),
(10, 63, 10),
(10, 69, 10),
(10, 75, 1),
(10, 81, 8),
(10, 87, 8),
(10, 93, 6),
(10, 99, 8),
(10, 105, 10),
(10, 111, 6),
(10, 117, 1),
(10, 123, 5),
(10, 129, 10),
(10, 135, 3),
(10, 141, 3),
(10, 147, 8),
(10, 153, 9),
(10, 159, 2),
(10, 165, 7),
(10, 171, 6),
(10, 177, 2),
(10, 183, 9),
(10, 189, 4),
(10, 195, 10),
(10, 201, 3),
(10, 207, 2),
(10, 213, 6),
(10, 219, 6),
(10, 225, 2),
(10, 231, 4),
(10, 237, 6),
(10, 243, 7),
(10, 249, 4),
(10, 255, 4),
(10, 261, 6),
(10, 267, 9),
(10, 273, 10),
(10, 279, 2),
(10, 285, 3),
(10, 291, 10),
(10, 297, 8),
(10, 303, 8),
(10, 309, 8),
(10, 315, 5),
(10, 321, 2),
(10, 327, 3),
(10, 333, 3),
(10, 339, 4),
(10, 345, 8),
(10, 351, 9),
(10, 357, 7),
(10, 363, 1),
(10, 369, 6),
(10, 375, 3),
(10, 381, 4),
(10, 387, 1),
(10, 393, 7),
(10, 399, 8),
(11, 4, 9),
(11, 10, 7),
(11, 16, 2),
(11, 22, 9),
(11, 28, 7),
(11, 34, 6),
(11, 40, 5),
(11, 46, 7),
(11, 52, 8),
(11, 58, 1),
(11, 64, 6),
(11, 70, 3),
(11, 76, 7),
(11, 82, 8),
(11, 88, 8),
(11, 94, 1),
(11, 100, 4),
(11, 106, 8),
(11, 112, 5),
(11, 118, 9),
(11, 124, 10),
(11, 130, 8),
(11, 136, 5),
(11, 142, 3),
(11, 148, 1),
(11, 154, 4),
(11, 160, 5),
(11, 166, 8),
(11, 172, 10),
(11, 178, 3),
(11, 184, 3),
(11, 190, 10),
(11, 196, 7),
(11, 202, 8),
(11, 208, 1),
(11, 214, 6),
(11, 220, 3),
(11, 226, 2),
(11, 232, 5),
(11, 238, 8),
(11, 244, 7),
(11, 250, 3),
(11, 256, 6),
(11, 262, 9),
(11, 268, 2),
(11, 274, 5),
(11, 280, 6),
(11, 286, 6),
(11, 292, 1),
(11, 298, 3),
(11, 304, 1),
(11, 310, 4),
(11, 316, 1),
(11, 322, 2),
(11, 328, 3),
(11, 334, 2),
(11, 340, 3),
(11, 346, 6),
(11, 352, 8),
(11, 358, 9),
(11, 364, 10),
(11, 370, 7),
(11, 376, 3),
(11, 382, 1),
(11, 388, 5),
(11, 394, 7),
(11, 400, 5),
(12, 4, 2),
(12, 10, 7),
(12, 16, 5),
(12, 22, 6),
(12, 28, 1),
(12, 34, 2),
(12, 40, 6),
(12, 46, 9),
(12, 52, 6),
(12, 58, 9),
(12, 64, 8),
(12, 70, 4),
(12, 76, 2),
(12, 82, 9),
(12, 88, 4),
(12, 94, 2),
(12, 100, 5),
(12, 106, 1),
(12, 112, 6),
(12, 118, 3),
(12, 124, 9),
(12, 130, 7),
(12, 136, 5),
(12, 142, 4),
(12, 148, 4),
(12, 154, 2),
(12, 160, 10),
(12, 166, 3),
(12, 172, 10),
(12, 178, 5),
(12, 184, 7),
(12, 190, 6),
(12, 196, 4),
(12, 202, 2),
(12, 208, 1),
(12, 214, 8),
(12, 220, 6),
(12, 226, 7),
(12, 232, 4),
(12, 238, 1),
(12, 244, 1),
(12, 250, 4),
(12, 256, 3),
(12, 262, 7),
(12, 268, 6),
(12, 274, 6),
(12, 280, 10),
(12, 286, 7),
(12, 292, 1),
(12, 298, 6),
(12, 304, 1),
(12, 310, 5),
(12, 316, 2),
(12, 322, 6),
(12, 328, 4),
(12, 334, 9),
(12, 340, 1),
(12, 346, 9),
(12, 352, 3),
(12, 358, 4),
(12, 364, 10),
(12, 370, 5),
(12, 376, 7),
(12, 382, 10),
(12, 388, 1),
(12, 394, 8),
(12, 400, 5),
(13, 4, 8),
(13, 10, 10),
(13, 16, 10),
(13, 22, 7),
(13, 28, 4),
(13, 34, 7),
(13, 40, 7),
(13, 46, 10),
(13, 52, 3),
(13, 58, 7),
(13, 64, 6),
(13, 70, 6),
(13, 76, 5),
(13, 82, 6),
(13, 88, 9),
(13, 94, 8),
(13, 100, 10),
(13, 106, 2),
(13, 112, 5),
(13, 118, 1),
(13, 124, 4),
(13, 130, 8),
(13, 136, 7),
(13, 142, 2),
(13, 148, 10),
(13, 154, 3),
(13, 160, 7),
(13, 166, 9),
(13, 172, 5),
(13, 178, 6),
(13, 184, 10),
(13, 190, 6),
(13, 196, 7),
(13, 202, 2),
(13, 208, 8),
(13, 214, 4),
(13, 220, 2),
(13, 226, 9),
(13, 232, 3),
(13, 238, 6),
(13, 244, 2),
(13, 250, 5),
(13, 256, 4),
(13, 262, 8),
(13, 268, 6),
(13, 274, 1),
(13, 280, 2),
(13, 286, 6),
(13, 292, 1),
(13, 298, 6),
(13, 304, 7),
(13, 310, 6),
(13, 316, 7),
(13, 322, 9),
(13, 328, 6),
(13, 334, 1),
(13, 340, 1),
(13, 346, 8),
(13, 352, 3),
(13, 358, 2),
(13, 364, 7),
(13, 370, 8),
(13, 376, 1),
(13, 382, 2),
(13, 388, 1),
(13, 394, 2),
(13, 400, 9),
(14, 5, 10),
(14, 11, 3),
(14, 17, 8),
(14, 23, 9),
(14, 29, 6),
(14, 35, 5),
(14, 41, 10),
(14, 47, 5),
(14, 53, 10),
(14, 59, 3),
(14, 65, 9),
(14, 71, 1),
(14, 77, 7),
(14, 83, 6),
(14, 89, 10),
(14, 95, 2),
(14, 101, 4),
(14, 107, 1),
(14, 113, 9),
(14, 119, 7),
(14, 125, 2),
(14, 131, 3),
(14, 137, 5),
(14, 143, 7),
(14, 149, 10),
(14, 155, 10),
(14, 161, 6),
(14, 167, 10),
(14, 173, 8),
(14, 179, 5),
(14, 185, 2),
(14, 191, 3),
(14, 197, 6),
(14, 203, 1),
(14, 209, 8),
(14, 215, 9),
(14, 221, 10),
(14, 227, 7),
(14, 233, 8),
(14, 239, 1),
(14, 245, 2),
(14, 251, 5),
(14, 257, 4),
(14, 263, 9),
(14, 269, 3),
(14, 275, 7),
(14, 281, 6),
(14, 287, 7),
(14, 293, 2),
(14, 299, 8),
(14, 305, 9),
(14, 311, 8),
(14, 317, 5),
(14, 323, 8),
(14, 329, 4),
(14, 335, 6),
(14, 341, 2),
(14, 347, 7),
(14, 353, 5),
(14, 359, 8),
(14, 365, 4),
(14, 371, 3),
(14, 377, 2),
(14, 383, 9),
(14, 389, 2),
(14, 395, 5),
(14, 401, 9),
(15, 5, 8),
(15, 11, 9),
(15, 17, 1),
(15, 23, 4),
(15, 29, 4),
(15, 35, 4),
(15, 41, 7),
(15, 47, 5),
(15, 53, 10),
(15, 59, 6),
(15, 65, 5),
(15, 71, 5),
(15, 77, 9),
(15, 83, 3),
(15, 89, 3),
(15, 95, 7),
(15, 101, 1),
(15, 107, 8),
(15, 113, 4),
(15, 119, 9),
(15, 125, 2),
(15, 131, 1),
(15, 137, 1),
(15, 143, 1),
(15, 149, 9),
(15, 155, 8),
(15, 161, 1),
(15, 167, 4),
(15, 173, 3),
(15, 179, 4),
(15, 185, 4),
(15, 191, 7),
(15, 197, 6),
(15, 203, 6),
(15, 209, 8),
(15, 215, 3),
(15, 221, 4),
(15, 227, 10),
(15, 233, 7),
(15, 239, 3),
(15, 245, 7),
(15, 251, 8),
(15, 257, 8),
(15, 263, 3),
(15, 269, 1),
(15, 275, 2),
(15, 281, 8),
(15, 287, 1),
(15, 293, 3),
(15, 299, 1),
(15, 305, 5),
(15, 311, 10),
(15, 317, 5),
(15, 323, 9),
(15, 329, 2),
(15, 335, 7),
(15, 341, 4),
(15, 347, 8),
(15, 353, 3),
(15, 359, 10),
(15, 365, 8),
(15, 371, 10),
(15, 377, 7),
(15, 383, 8),
(15, 389, 3),
(15, 395, 2),
(15, 401, 7),
(16, 5, 6),
(16, 11, 1),
(16, 17, 7),
(16, 23, 3),
(16, 29, 2),
(16, 35, 1),
(16, 41, 8),
(16, 47, 6),
(16, 53, 1),
(16, 59, 8),
(16, 65, 10),
(16, 71, 5),
(16, 77, 4),
(16, 83, 5),
(16, 89, 2),
(16, 95, 9),
(16, 101, 3),
(16, 107, 9),
(16, 113, 7),
(16, 119, 5),
(16, 125, 10),
(16, 131, 3),
(16, 137, 2),
(16, 143, 9),
(16, 149, 2),
(16, 155, 2),
(16, 161, 10),
(16, 167, 4),
(16, 173, 5),
(16, 179, 5),
(16, 185, 10),
(16, 191, 1),
(16, 197, 8),
(16, 203, 10),
(16, 209, 3),
(16, 215, 4),
(16, 221, 2),
(16, 227, 10),
(16, 233, 3),
(16, 239, 10),
(16, 245, 8),
(16, 251, 9),
(16, 257, 4),
(16, 263, 9),
(16, 269, 3),
(16, 275, 6),
(16, 281, 6),
(16, 287, 4),
(16, 293, 3),
(16, 299, 7),
(16, 305, 3),
(16, 311, 2),
(16, 317, 1),
(16, 323, 9),
(16, 329, 6),
(16, 335, 6),
(16, 341, 9),
(16, 347, 2),
(16, 353, 5),
(16, 359, 1),
(16, 365, 2),
(16, 371, 5),
(16, 377, 9),
(16, 383, 1),
(16, 389, 5),
(16, 395, 10),
(16, 401, 9),
(17, 6, 4),
(17, 12, 6),
(17, 18, 6),
(17, 24, 4),
(17, 30, 1),
(17, 36, 2),
(17, 42, 5),
(17, 48, 6),
(17, 54, 2),
(17, 60, 9),
(17, 66, 10),
(17, 72, 2),
(17, 78, 10),
(17, 84, 5),
(17, 90, 7),
(17, 96, 3),
(17, 102, 10),
(17, 108, 1),
(17, 114, 9),
(17, 120, 3),
(17, 126, 9),
(17, 132, 7),
(17, 138, 5),
(17, 144, 9),
(17, 150, 9),
(17, 156, 2),
(17, 162, 6),
(17, 168, 2),
(17, 174, 10),
(17, 180, 1),
(17, 186, 6),
(17, 192, 3),
(17, 198, 3),
(17, 204, 10),
(17, 210, 7),
(17, 216, 5),
(17, 222, 1),
(17, 228, 8),
(17, 234, 3),
(17, 240, 1),
(17, 246, 6),
(17, 252, 8),
(17, 258, 1),
(17, 264, 2),
(17, 270, 5),
(17, 276, 4),
(17, 282, 9),
(17, 288, 4),
(17, 294, 6),
(17, 300, 1),
(17, 306, 2),
(17, 312, 1),
(17, 318, 7),
(17, 324, 1),
(17, 330, 3),
(17, 336, 8),
(17, 342, 6),
(17, 348, 9),
(17, 354, 8),
(17, 360, 5),
(17, 366, 3),
(17, 372, 10),
(17, 378, 3),
(17, 384, 8),
(17, 390, 5),
(17, 396, 9),
(17, 402, 5),
(18, 6, 6),
(18, 12, 1),
(18, 18, 4),
(18, 24, 8),
(18, 30, 5),
(18, 36, 6),
(18, 42, 8),
(18, 48, 7),
(18, 54, 1),
(18, 60, 8),
(18, 66, 8),
(18, 72, 5),
(18, 78, 7),
(18, 84, 5),
(18, 90, 3),
(18, 96, 6),
(18, 102, 2),
(18, 108, 5),
(18, 114, 2),
(18, 120, 2),
(18, 126, 10),
(18, 132, 3),
(18, 138, 8),
(18, 144, 7),
(18, 150, 5),
(18, 156, 3),
(18, 162, 1),
(18, 168, 4),
(18, 174, 1),
(18, 180, 10),
(18, 186, 8),
(18, 192, 3),
(18, 198, 8),
(18, 204, 3),
(18, 210, 7),
(18, 216, 5),
(18, 222, 5),
(18, 228, 5),
(18, 234, 5),
(18, 240, 3),
(18, 246, 1),
(18, 252, 6),
(18, 258, 9),
(18, 264, 10),
(18, 270, 5),
(18, 276, 7),
(18, 282, 4),
(18, 288, 2),
(18, 294, 8),
(18, 300, 5),
(18, 306, 2),
(18, 312, 2),
(18, 318, 9),
(18, 324, 8),
(18, 330, 10),
(18, 336, 2),
(18, 342, 3),
(18, 348, 10),
(18, 354, 6),
(18, 360, 7),
(18, 366, 4),
(18, 372, 5),
(18, 378, 10),
(18, 384, 9),
(18, 390, 9),
(18, 396, 5),
(18, 402, 6),
(19, 6, 4),
(19, 12, 7),
(19, 18, 3),
(19, 24, 1),
(19, 30, 2),
(19, 36, 9),
(19, 42, 10),
(19, 48, 4),
(19, 54, 3),
(19, 60, 5),
(19, 66, 7),
(19, 72, 5),
(19, 78, 7),
(19, 84, 6),
(19, 90, 8),
(19, 96, 2),
(19, 102, 2),
(19, 108, 1),
(19, 114, 7),
(19, 120, 4),
(19, 126, 2),
(19, 132, 2),
(19, 138, 4),
(19, 144, 5),
(19, 150, 9),
(19, 156, 2),
(19, 162, 6),
(19, 168, 9),
(19, 174, 6),
(19, 180, 4),
(19, 186, 5),
(19, 192, 7),
(19, 198, 10),
(19, 204, 2),
(19, 210, 10),
(19, 216, 5),
(19, 222, 3),
(19, 228, 8),
(19, 234, 8),
(19, 240, 9),
(19, 246, 2),
(19, 252, 6),
(19, 258, 6),
(19, 264, 5),
(19, 270, 2),
(19, 276, 10),
(19, 282, 9),
(19, 288, 9),
(19, 294, 10),
(19, 300, 2),
(19, 306, 3),
(19, 312, 4),
(19, 318, 4),
(19, 324, 4),
(19, 330, 2),
(19, 336, 6),
(19, 342, 6),
(19, 348, 6),
(19, 354, 10),
(19, 360, 10),
(19, 366, 5),
(19, 372, 2),
(19, 378, 6),
(19, 384, 4),
(19, 390, 3),
(19, 396, 2),
(19, 402, 7),
(20, 6, 8),
(20, 12, 2),
(20, 18, 8),
(20, 24, 6),
(20, 30, 1),
(20, 36, 7),
(20, 42, 9),
(20, 48, 10),
(20, 54, 4),
(20, 60, 1),
(20, 66, 9),
(20, 72, 4),
(20, 78, 6),
(20, 84, 10),
(20, 90, 3),
(20, 96, 1),
(20, 102, 7),
(20, 108, 4),
(20, 114, 9),
(20, 120, 8),
(20, 126, 5),
(20, 132, 4),
(20, 138, 8),
(20, 144, 2),
(20, 150, 10),
(20, 156, 7),
(20, 162, 6),
(20, 168, 8),
(20, 174, 3),
(20, 180, 9),
(20, 186, 7),
(20, 192, 1),
(20, 198, 2),
(20, 204, 4),
(20, 210, 2),
(20, 216, 8),
(20, 222, 5),
(20, 228, 9),
(20, 234, 5),
(20, 240, 4),
(20, 246, 2),
(20, 252, 6),
(20, 258, 9),
(20, 264, 7),
(20, 270, 4),
(20, 276, 7),
(20, 282, 1),
(20, 288, 7),
(20, 294, 3),
(20, 300, 5),
(20, 306, 10),
(20, 312, 3),
(20, 318, 9),
(20, 324, 1),
(20, 330, 8),
(20, 336, 9),
(20, 342, 8),
(20, 348, 5),
(20, 354, 4),
(20, 360, 3),
(20, 366, 7),
(20, 372, 3),
(20, 378, 7),
(20, 384, 8),
(20, 390, 7),
(20, 396, 2),
(20, 402, 8);
